Income,Credit Score,Age,Loan Amount,Employment Years,Loan Approved
71703.78,648,50,8728.6,9.3,Yes
42120.35,643,44,22276.9,21.6,Yes
81509.93,789,57,47973.92,13.5,Yes
85692.42,715,22,34610.62,5.1,Yes
22077.23,674,35,2000.0,14.7,Yes
36352.05,727,33,13001.57,7.2,Yes
67812.49,532,21,18438.7,0.0,Yes
58042.66,687,48,25664.49,18.0,Yes
64630.37,840,35,24420.84,11.2,Yes
46233.03,700,45,37170.78,11.7,Yes
84346.76,695,61,23732.01,17.3,Yes
82111.42,731,34,12520.97,3.8,Yes
66452.68,757,33,22213.15,6.8,Yes
89799.31,540,39,38214.9,12.6,Yes
75285.21,564,47,55249.88,14.5,Yes
46095.57,706,32,27637.12,3.2,No
73112.52,636,31,30789.09,6.7,Yes
43904.58,788,48,15232.64,15.7,Yes
84325.91,666,41,32441.19,12.3,Yes
63901.63,545,21,17965.67,0.0,No
60933.03,595,25,2000.0,6.2,Yes
50019.55,484,53,29492.4,23.8,Yes
91895.91,672,42,32157.92,11.2,Yes
61600.35,676,30,26440.12,0.0,Yes
55576.79,658,36,9642.21,7.6,Yes
57253.06,771,38,35487.45,6.6,Yes
76710.8,780,45,23328.81,11.2,Yes
73039.77,677,24,12756.29,1.8,Yes
74080.12,530,29,42770.34,2.1,Yes
74478.06,736,40,26457.82,6.8,Yes
112116.25,732,37,62630.92,6.8,Yes
56058.87,713,43,28892.84,10.6,Yes
53730.66,764,25,34415.5,1.9,Yes
47097.0,603,41,19151.59,4.7,Yes
78551.55,841,48,37262.24,6.7,Yes
89837.39,618,42,19612.19,8.3,Yes
62493.16,746,39,32454.13,8.5,Yes
46516.56,563,37,2000.0,9.1,Yes
46861.41,620,29,15447.35,0.0,Yes
79313.04,804,37,41615.15,7.2,Yes
81351.59,670,50,36524.41,24.4,Yes
76949.39,753,36,24708.84,14.2,Yes
50358.79,708,29,2000.0,4.5,Yes
70107.55,682,33,4704.23,0.0,Yes
67567.09,792,40,25542.17,11.4,Yes
69811.15,672,34,23614.11,7.3,Yes
84171.43,556,42,2000.0,11.8,Yes
69919.1,630,43,18347.85,6.7,Yes
79936.1,731,46,34937.84,9.1,Yes
66486.74,720,52,28389.75,11.4,Yes
71360.63,572,47,31760.13,21.8,Yes
78888.34,636,28,2000.0,7.4,Yes
32942.57,646,28,5112.92,2.3,Yes
57967.23,663,37,2632.68,7.3,Yes
54651.8,587,33,26309.15,1.7,Yes
50944.69,643,26,2000.0,5.9,Yes
58946.87,635,33,21660.26,5.8,Yes
97888.71,748,33,43236.25,8.9,Yes
45951.72,751,31,16809.3,2.6,Yes
86302.12,679,34,25022.76,7.5,Yes
27976.87,661,49,2000.0,9.6,Yes
57632.53,700,39,4419.36,12.9,Yes
68580.57,629,62,41655.76,20.2,Yes
77896.89,604,39,26415.55,10.6,No
80646.98,619,35,40672.58,7.0,Yes
82453.64,642,38,17809.02,6.1,Yes
57328.05,603,40,14173.44,6.6,Yes
54828.26,702,42,4614.71,7.8,Yes
83875.47,745,58,21383.21,10.0,Yes
60791.3,571,29,44872.34,6.0,No
36934.9,692,46,23034.2,12.4,Yes
40067.68,674,40,14520.48,9.6,Yes
44772.05,716,22,2000.0,1.3,Yes
75937.54,689,45,2785.38,6.4,Yes
68133.37,581,50,48854.31,20.9,Yes
80190.68,595,29,3574.94,5.8,Yes
55600.44,692,37,14359.91,5.8,Yes
68487.87,767,21,41621.67,0.0,No
78762.99,524,25,36174.41,4.7,Yes
58194.38,716,48,8679.28,28.2,Yes
75049.06,779,33,15349.0,5.3,Yes
50437.63,679,26,21152.23,0.0,Yes
57012.82,731,40,5981.07,6.6,Yes
56601.77,637,32,19995.5,10.3,Yes
38691.53,681,33,16075.54,8.1,Yes
75713.39,568,45,22720.47,15.0,Yes
54673.15,514,26,29936.25,0.6,Yes
65274.87,761,28,37140.3,6.9,Yes
75576.43,616,39,32668.35,13.3,Yes
74823.69,656,47,26931.32,10.9,Yes
79638.47,586,50,30591.1,17.9,Yes
62833.32,584,31,4526.86,1.9,No
55687.44,677,47,21620.83,18.9,Yes
63246.2,635,30,28510.14,4.8,Yes
27878.64,718,56,9871.12,26.7,Yes
33163.53,724,26,36231.57,2.8,Yes
35900.61,714,51,31427.97,12.9,Yes
43060.57,708,31,30847.22,4.0,No
73795.03,808,58,35612.77,20.3,Yes
45079.46,610,43,31232.39,6.0,Yes
56680.42,686,27,12843.71,0.4,No
93583.02,775,32,35121.52,3.7,Yes
57162.19,785,45,21204.84,13.4,Yes
81225.34,583,48,38639.27,13.6,Yes
44460.41,667,37,15529.07,8.2,Yes
60480.37,792,38,43332.74,14.0,Yes
44099.51,728,45,14029.11,11.3,Yes
57541.27,705,39,14528.84,8.2,Yes
83486.78,674,25,47225.63,0.8,Yes
26998.95,661,29,3309.77,2.0,Yes
74557.32,712,40,16780.7,3.6,Yes
70230.18,671,50,47641.8,15.2,Yes
51928.7,687,54,23679.93,20.7,Yes
33186.73,696,45,3699.19,13.5,Yes
66586.85,639,40,27728.43,0.0,Yes
53351.16,730,45,10322.87,17.6,Yes
70118.88,850,31,10357.08,3.5,Yes
65480.75,557,36,31551.2,11.3,Yes
100239.14,714,29,15830.78,1.3,Yes
59734.18,633,25,24323.57,0.0,No
42483.06,733,41,28674.91,3.5,Yes
68944.06,693,39,34746.47,14.1,Yes
69839.93,747,44,30603.85,6.6,Yes
94902.13,778,43,18880.11,10.8,Yes
83372.45,704,40,20847.98,6.0,Yes
72851.16,775,43,22045.86,11.6,Yes
97192.66,514,37,59533.28,14.6,Yes
38847.21,809,42,25824.25,14.1,Yes
50925.47,718,30,11242.69,1.8,Yes
44615.33,771,41,16991.9,16.5,Yes
56424.18,599,44,37670.05,12.8,Yes
34712.9,628,31,19627.01,5.8,Yes
78973.32,701,38,22917.54,3.5,Yes
60111.1,689,31,21980.32,4.4,Yes
32642.26,711,32,15118.95,9.5,Yes
42657.26,771,26,2000.0,4.4,Yes
71897.3,558,50,20259.24,9.1,Yes
83438.78,763,48,33667.46,21.9,Yes
108928.08,691,43,58922.88,9.2,Yes
129104.97,675,57,55005.11,9.7,Yes
74117.01,580,36,30420.23,2.3,No
43230.16,728,65,12232.94,21.3,Yes
18094.98,509,35,2000.0,13.0,Yes
70889.65,739,40,27301.21,15.4,Yes
47115.3,578,34,11072.93,4.6,Yes
55862.14,694,41,9277.41,6.7,No
51533.87,681,46,14121.2,20.3,Yes
61902.6,778,36,41284.53,10.3,Yes
88451.57,677,55,38680.51,16.5,Yes
68455.07,638,40,18959.66,14.6,Yes
61510.03,652,40,28629.8,10.4,Yes
42215.62,785,28,8040.14,3.9,Yes
28156.98,730,42,2000.0,16.0,Yes
54301.23,661,36,2000.0,5.4,Yes
63816.78,672,31,22635.45,11.7,Yes
103894.46,572,30,31598.86,1.7,Yes
67866.04,719,64,32500.38,20.9,Yes
86620.27,558,35,5365.46,10.0,Yes
54015.5,746,23,19877.83,0.0,Yes
38931.24,700,31,8331.79,10.1,Yes
43767.43,850,37,10268.65,9.1,Yes
49045.03,607,43,36740.25,16.6,Yes
111826.33,682,43,11487.18,12.4,Yes
46929.49,825,44,8246.1,8.0,Yes
83446.76,779,31,45238.98,3.1,Yes
45135.6,638,41,24275.52,14.7,Yes
85494.61,707,29,14466.0,5.1,Yes
73468.92,690,31,29626.96,5.7,Yes
61553.97,711,28,10173.09,3.1,Yes
64103.22,638,26,28105.32,0.9,Yes
50594.67,683,48,26206.15,8.4,Yes
74813.59,570,44,32974.4,13.9,Yes
54990.36,700,47,20028.33,4.1,Yes
38036.67,724,38,15458.69,8.9,Yes
36885.37,673,45,19017.84,15.4,Yes
68796.93,569,21,25392.87,0.0,Yes
99740.01,764,46,27903.89,16.0,Yes
68519.82,717,39,38287.42,14.1,Yes
62389.96,636,44,21148.08,17.4,Yes
71288.18,669,41,28611.97,20.8,Yes
93732.04,577,28,7278.84,6.3,Yes
69826.42,613,23,9776.06,5.8,Yes
55959.6,650,30,11142.8,6.2,Yes
89338.35,782,43,45622.24,9.7,Yes
74432.64,642,44,36622.69,14.1,Yes
98786.63,738,24,2000.0,0.3,Yes
69031.16,650,28,26074.7,0.1,Yes
38061.68,709,30,19357.48,0.0,Yes
34900.5,679,34,2000.0,13.9,Yes
101320.41,755,24,28113.09,0.0,Yes
102920.65,650,23,43402.45,0.0,Yes
61050.58,572,29,28788.66,0.0,Yes
56569.88,586,38,20434.45,8.6,No
97151.77,650,26,60141.56,8.2,Yes
40644.99,596,36,10862.05,15.8,Yes
45316.01,721,48,2000.0,9.7,Yes
79153.19,655,24,28625.17,0.2,No
56318.69,850,35,14748.32,1.3,Yes
64887.32,560,48,8233.4,16.7,Yes
61404.26,705,33,20892.81,9.6,Yes
72426.64,605,32,15559.36,6.0,Yes
95964.6,653,49,20592.24,14.0,Yes
66992.87,701,34,22576.92,6.7,Yes
79166.65,516,49,15470.42,18.4,Yes
19896.21,708,42,14573.36,13.9,Yes
63928.2,833,34,33220.08,9.0,Yes
46448.93,656,42,2015.16,7.2,Yes
38186.11,709,41,12322.4,10.9,Yes
45680.65,767,48,31514.54,27.2,Yes
57649.28,678,32,17132.95,8.9,No
85149.86,646,38,16784.96,0.0,Yes
35819.36,519,37,11220.03,5.5,Yes
65673.89,738,45,31893.65,10.2,Yes
54348.27,682,27,24492.21,7.7,Yes
57791.19,614,48,8781.05,16.3,No
87060.67,699,42,14324.19,12.3,Yes
76838.54,646,24,18999.09,1.3,Yes
94422.76,650,50,48538.5,12.3,Yes
61600.88,735,60,24881.67,23.5,Yes
49689.26,590,48,7981.74,13.5,Yes
60075.11,769,52,13410.58,17.3,Yes
70334.93,585,38,41751.4,1.2,Yes
68884.61,640,21,26225.14,0.0,Yes
41143.46,834,21,15848.87,2.5,Yes
66990.78,775,40,3560.05,11.5,Yes
70021.02,697,32,26056.78,7.2,Yes
120384.43,619,28,29138.18,3.2,Yes
106290.58,650,37,38060.27,14.8,Yes
46228.65,695,44,21580.06,15.4,Yes
58677.57,693,23,29050.84,0.5,Yes
32804.28,683,33,9156.56,11.1,Yes
52004.45,688,53,27473.45,6.1,Yes
71943.31,674,27,50446.43,1.0,Yes
91528.78,582,46,30377.94,7.0,Yes
48960.16,651,33,2000.0,3.8,Yes
50608.78,759,43,12961.15,19.2,Yes
17759.64,587,48,9798.87,15.0,No
61421.35,676,45,5072.8,8.1,Yes
41626.88,629,47,31045.01,13.5,Yes
53352.33,698,26,15903.99,6.2,No
45709.06,661,49,9803.11,10.0,Yes
62926.22,801,29,38406.34,3.0,Yes
26329.98,728,40,8567.81,11.7,Yes
32725.0,592,40,20397.96,6.1,Yes
111843.44,740,42,48974.15,10.9,Yes
36676.7,632,41,2587.71,10.9,Yes
40870.72,647,29,16233.64,3.6,Yes
105412.1,714,24,44612.75,4.8,Yes
128911.48,653,46,49867.36,6.6,Yes
39225.53,757,39,8585.69,3.9,Yes
56898.52,632,49,13389.6,26.0,Yes
72514.22,644,37,37077.16,10.9,Yes
103031.35,641,23,25302.13,1.8,Yes
43289.14,648,47,19664.95,8.8,Yes
59603.89,772,34,20641.61,4.7,Yes
82101.43,737,41,31376.5,11.0,Yes
74564.85,818,31,22257.47,6.2,Yes
56724.57,850,54,32882.96,15.9,Yes
62055.89,613,29,2000.0,4.0,Yes
34752.29,695,34,12115.42,12.1,Yes
59760.18,602,39,19810.75,5.0,Yes
59139.48,632,27,34665.9,2.6,No
70107.74,643,41,37921.83,9.8,Yes
52782.8,611,54,22817.95,17.1,Yes
75373.85,611,33,16199.78,6.8,Yes
87279.75,679,41,20005.94,10.1,Yes
68419.45,599,21,34418.57,2.2,Yes
72738.64,753,37,54596.27,9.0,Yes
66169.42,621,34,35345.05,7.5,Yes
65001.86,850,29,33119.96,4.5,Yes
49125.72,656,48,2000.0,17.9,Yes
71962.87,695,34,49921.22,4.7,Yes
62859.69,593,36,2000.0,14.4,Yes
111049.7,818,34,44517.4,5.9,Yes
99613.81,774,21,30438.72,0.0,Yes
73488.62,712,26,32231.78,1.3,Yes
48212.74,589,47,26021.88,12.5,Yes
40526.95,706,21,30927.78,0.0,Yes
91205.14,606,30,8131.32,2.8,Yes
70780.48,800,34,31526.28,12.8,Yes
75563.15,751,55,13654.11,25.7,Yes
26619.11,697,45,13564.05,6.4,Yes
85403.65,507,32,39849.7,10.4,Yes
74997.25,616,51,15627.6,18.5,Yes
40570.52,742,30,12446.29,10.8,Yes
54626.45,781,48,8122.61,8.3,Yes
70801.78,773,24,15962.88,0.0,Yes
66154.27,571,48,20355.58,18.4,Yes
58572.23,713,33,13750.75,5.5,Yes
62723.26,766,27,7826.08,3.3,Yes
59456.5,566,35,3945.46,9.3,Yes
68356.38,689,40,8712.72,9.8,Yes
97372.82,711,33,31596.34,5.2,Yes
15000.0,667,43,2000.0,17.8,Yes
59789.29,551,32,21043.77,10.3,No
68883.27,666,44,31975.95,9.7,Yes
71511.87,665,42,42008.3,8.9,Yes
56817.88,679,37,5423.91,2.9,Yes
26352.12,648,33,10090.71,6.9,Yes
72215.9,657,39,41048.56,10.8,Yes
103001.7,687,43,39348.1,14.2,Yes
31255.05,723,58,13787.48,28.0,Yes
84004.22,667,47,45224.83,6.8,Yes
57772.45,659,47,26485.59,17.3,No
63650.86,697,65,20443.08,13.9,Yes
41836.23,546,43,27736.65,8.2,Yes
57641.96,726,42,2000.0,13.9,Yes
93600.98,690,45,55082.39,11.4,Yes
77818.42,693,27,34472.98,4.4,Yes
103110.86,762,33,26294.01,6.3,Yes
90903.06,544,32,20233.6,3.1,Yes
74659.91,542,44,11441.52,17.4,Yes
103366.56,711,36,69474.7,17.5,Yes
74657.85,689,39,39912.42,14.1,Yes
83215.74,703,48,30107.75,13.1,Yes
58475.44,655,46,21892.59,14.0,Yes
66464.01,740,36,35669.73,9.3,Yes
49656.68,760,31,15177.39,6.6,Yes
86770.85,726,49,36919.78,16.4,Yes
39077.32,670,45,4174.4,14.2,Yes
82211.71,532,21,42840.63,6.4,Yes
60805.68,748,34,16305.92,6.5,Yes
90767.44,782,39,2000.0,6.9,Yes
81519.12,738,45,28940.02,17.0,Yes
105054.22,624,47,24752.82,7.8,Yes
81077.04,741,40,30492.47,16.5,Yes
30415.11,755,43,15185.98,11.4,Yes
63527.03,807,38,20114.67,12.5,Yes
39215.84,624,31,40455.62,1.9,Yes
53597.84,673,35,15709.71,7.4,Yes
98247.03,746,38,40750.88,9.5,Yes
79025.74,694,37,43268.34,7.8,Yes
49623.53,606,21,7455.35,0.0,Yes
42698.22,721,34,12977.94,5.3,Yes
65721.21,733,38,35567.9,1.5,Yes
38235.68,697,35,20034.31,7.6,Yes
50234.91,706,35,22746.66,4.2,Yes
71864.21,671,42,38587.92,15.2,Yes
90416.86,801,27,17077.66,3.6,Yes
78392.75,622,21,53793.68,3.9,Yes
15000.0,646,34,7176.44,7.7,Yes
71696.07,691,45,23810.67,14.0,Yes
66584.74,756,54,21887.74,21.1,Yes
74105.59,578,45,27477.22,17.9,Yes
100556.61,592,23,47483.5,6.6,No
19608.76,537,35,2000.0,1.0,Yes
51995.72,692,40,32021.91,12.3,Yes
77999.94,606,39,2000.0,10.2,Yes
30204.92,661,43,19838.63,14.8,Yes
97470.88,740,28,19305.59,4.1,No
73103.85,642,38,25234.5,9.7,Yes
83624.85,707,42,11079.2,16.3,Yes
52439.24,668,46,36372.14,11.3,No
82902.8,740,29,32182.36,8.1,Yes
88506.37,726,34,43270.34,13.7,Yes
70123.32,638,21,19372.62,0.0,Yes
70156.82,677,31,2000.0,2.1,Yes
70947.55,768,32,21845.88,3.7,Yes
46006.4,720,27,12069.94,4.8,Yes
61754.37,585,39,26376.26,3.6,Yes
61644.5,739,37,31496.75,3.5,Yes
73434.67,609,21,46815.82,0.3,Yes
86996.13,796,40,27629.37,7.1,Yes
41712.21,767,28,28942.48,2.6,Yes
62249.8,712,42,28063.94,19.5,Yes
97592.02,702,25,35874.35,2.2,Yes
48641.06,674,38,17357.76,3.9,Yes
46910.5,741,35,5152.02,8.7,Yes
69450.74,662,41,11333.28,16.1,Yes
83576.47,708,39,41011.15,14.4,Yes
65251.37,755,35,29027.56,7.4,Yes
94237.13,648,22,25052.35,0.0,Yes
83849.47,644,23,31939.49,0.0,No
83520.04,600,32,7411.82,4.1,Yes
77190.56,610,37,19628.79,8.2,Yes
116208.37,553,31,60369.73,8.9,Yes
60486.44,745,44,11091.82,5.4,Yes
20922.51,826,35,3045.46,9.2,Yes
100293.6,797,28,41357.29,2.5,Yes
54930.61,568,35,18280.91,5.5,Yes
67373.37,744,40,27428.06,6.4,Yes
93810.12,797,41,50009.43,14.2,Yes
29750.29,656,56,17106.63,10.7,Yes
37463.76,698,31,2000.0,5.6,No
29771.89,539,37,15165.21,8.0,Yes
47529.0,710,42,3592.8,6.2,Yes
74672.01,610,37,9082.94,11.6,Yes
76532.13,705,32,5109.85,9.0,Yes
71078.03,573,22,55439.35,0.5,No
33919.15,731,32,24481.51,7.6,Yes
15000.0,767,27,10994.94,0.3,Yes
66195.78,631,21,13448.99,5.2,Yes
54620.93,605,30,13603.7,3.3,Yes
75106.49,528,27,16407.68,6.7,Yes
80442.98,670,43,21114.55,13.1,Yes
68041.31,646,44,29074.53,10.8,Yes
81722.93,574,28,29002.63,6.4,Yes
70042.65,724,35,35942.02,12.8,Yes
76661.42,656,21,23856.01,0.0,Yes
49497.19,609,33,7444.99,6.0,Yes
61048.55,648,41,36584.5,14.9,No
69329.07,770,46,19576.73,17.2,Yes
83051.63,735,30,34282.87,5.9,Yes
56337.69,680,48,19831.21,16.8,Yes
76465.68,736,22,27814.15,0.0,Yes
59151.55,603,25,34217.47,5.8,No
62414.07,692,45,26853.65,11.1,Yes
83249.42,701,54,42104.69,9.9,Yes
21152.67,655,42,4750.5,18.4,Yes
36477.61,723,37,13246.14,7.5,Yes
32391.92,631,21,2480.72,5.3,No
15000.0,728,21,6966.07,0.0,Yes
50078.18,731,39,24983.93,10.1,Yes
81487.55,471,34,30168.27,6.3,No
58732.55,779,26,26336.4,2.9,Yes
69351.38,461,38,29756.75,9.2,Yes
88962.78,644,39,39893.98,15.3,Yes
94209.09,767,47,54950.33,21.0,Yes
63478.97,666,39,4174.38,11.2,Yes
94778.89,580,50,13679.63,17.3,Yes
67026.79,608,38,18768.17,8.2,Yes
46577.24,767,36,2000.0,9.5,Yes
51923.19,546,48,33764.97,9.0,Yes
32428.2,775,28,6451.01,5.5,Yes
45461.06,686,65,14255.67,16.9,Yes
57123.63,601,41,8531.68,8.8,Yes
82678.87,646,41,51418.14,11.5,Yes
102856.94,614,43,55657.56,4.8,Yes
34592.01,755,56,2000.0,20.8,Yes
73642.2,745,45,2000.0,14.7,Yes
42108.03,561,21,16029.32,0.0,Yes
75443.34,660,52,55177.41,25.4,Yes
62116.09,625,34,31489.32,4.7,Yes
24720.07,787,39,15695.64,18.8,Yes
85422.53,589,25,41410.98,2.2,Yes
51689.98,810,43,6595.14,11.6,Yes
53254.19,688,31,19067.5,0.2,Yes
41465.45,603,39,8929.07,5.3,Yes
50605.77,639,35,32978.26,8.6,No
74413.59,630,57,45668.22,17.0,Yes
60836.62,594,57,6937.42,28.2,Yes
72230.56,697,38,23316.55,6.7,Yes
72962.28,598,38,28179.32,9.3,Yes
94054.56,526,34,28607.14,4.0,Yes
57458.7,662,49,15645.06,25.6,Yes
32509.13,555,34,12348.26,3.9,Yes
88478.89,634,33,54859.0,5.4,Yes
57707.26,622,47,9029.95,12.4,Yes
89521.03,625,32,54831.6,1.9,Yes
73434.3,840,37,17291.34,16.2,Yes
62114.97,694,22,25337.09,0.6,No
72673.07,708,45,18942.0,11.4,Yes
107922.28,557,57,64292.18,20.1,Yes
110693.57,641,45,23323.26,10.7,Yes
66526.38,706,52,11254.84,6.2,Yes
68524.19,613,29,54279.52,6.2,Yes
88677.28,758,40,29219.18,6.2,Yes
46395.46,600,28,28806.21,7.7,Yes
72327.55,669,35,2685.0,4.5,Yes
64431.02,646,45,16821.03,19.2,Yes
71905.98,702,39,58166.29,11.6,Yes
46665.89,642,23,11359.95,0.0,No
30029.52,670,24,6492.7,1.9,Yes
19394.36,672,24,4941.99,1.1,Yes
40417.55,635,42,3119.84,15.3,Yes
54909.14,726,58,38609.32,18.2,Yes
58549.79,708,51,23202.5,10.9,Yes
107619.09,683,21,24699.91,3.1,Yes
89331.85,658,52,40294.52,16.5,Yes
43834.0,750,47,3058.68,19.6,Yes
72649.59,672,22,18511.02,0.9,Yes
56044.28,667,34,4860.8,6.5,Yes
58744.0,698,48,39649.75,13.0,Yes
69077.16,817,43,8526.92,11.0,Yes
78621.76,589,24,22974.05,2.6,Yes
57536.31,748,44,29835.49,10.4,Yes
88404.73,548,21,14208.25,2.7,Yes
39877.36,706,35,10712.03,9.0,Yes
65139.46,808,49,35272.88,11.4,Yes
122148.82,727,38,31233.33,15.3,Yes
69907.75,703,33,30258.02,6.4,Yes
96530.72,648,46,38118.05,21.1,Yes
67013.44,692,47,27881.18,12.8,Yes
77777.1,671,51,37288.89,24.5,Yes
63750.77,631,46,28662.56,14.9,Yes
61251.03,668,48,28272.24,17.5,Yes
47851.39,705,45,22858.92,16.9,Yes
74466.63,632,40,24164.22,7.5,Yes
46266.18,630,38,5519.38,11.6,Yes
79642.88,588,35,46873.75,13.9,Yes
88876.31,719,25,6476.9,3.1,Yes
73063.69,731,28,35694.7,3.8,Yes
58702.53,707,35,6878.69,9.7,Yes
74987.24,762,40,8784.93,14.1,Yes
58209.19,697,52,7234.4,22.1,Yes
85582.04,719,37,14146.7,9.7,Yes
24709.07,713,48,3660.01,12.2,Yes
57616.64,683,48,15809.3,6.2,Yes
21202.14,650,35,14047.63,10.9,Yes
32108.66,850,43,2000.0,19.6,Yes
95004.97,656,35,13663.51,9.7,Yes
84694.07,640,51,40613.6,9.8,Yes
49171.43,723,44,16031.77,11.6,Yes
31944.92,709,26,13415.8,3.0,Yes
15000.0,585,39,4750.52,10.4,No
53043.1,774,54,9518.73,13.3,Yes
118249.13,683,36,55317.36,9.6,Yes
74567.45,607,42,21052.18,21.2,Yes
52689.41,779,43,41401.63,21.5,Yes
75231.76,737,27,44737.96,3.7,Yes
30658.92,595,43,2000.0,18.4,Yes
58458.89,823,24,9267.76,2.2,Yes
67188.5,739,31,12579.43,4.6,Yes
63105.79,689,48,12345.08,3.3,Yes
82397.73,809,41,35441.6,8.9,Yes
72582.19,702,34,14510.19,8.0,Yes
79703.17,688,42,34720.1,3.9,No
49855.81,640,37,25112.54,6.8,Yes
84751.94,734,38,47984.6,9.3,Yes
100836.61,726,44,50777.61,12.8,Yes
43656.71,691,30,22312.27,0.8,Yes
45470.7,631,38,14656.72,7.9,Yes
94387.26,700,34,26334.64,9.2,Yes
60790.43,685,22,48485.78,2.5,Yes
95884.07,590,28,46497.53,4.5,No
55264.21,580,53,24441.86,13.6,Yes
97011.0,732,41,37786.67,7.0,Yes
67892.69,495,24,24530.02,0.0,Yes
70681.03,705,22,27321.12,0.0,Yes
99423.8,654,36,56488.41,14.1,Yes
57041.05,788,53,21007.78,16.6,Yes
44295.31,653,36,5536.97,1.5,No
55131.59,739,51,10969.4,8.1,Yes
74951.35,660,41,4949.69,8.0,Yes
30553.3,699,42,19972.89,10.9,Yes
79024.36,745,24,20505.34,1.8,No
53147.03,655,47,8592.8,17.5,Yes
90251.88,765,34,37193.1,6.9,Yes
15000.0,615,46,3109.81,25.8,Yes
47695.55,712,29,12138.53,6.7,Yes
27897.7,759,39,2000.0,17.1,Yes
46822.95,740,41,16535.43,22.8,Yes
70448.65,834,36,56154.94,10.0,Yes
61057.01,633,42,33141.14,16.9,Yes
59425.69,587,35,29260.48,8.3,Yes
61497.93,615,31,5850.55,5.1,Yes
69474.54,740,54,38828.99,10.3,Yes
42812.21,727,48,24753.34,12.8,Yes
80550.69,698,30,26386.06,4.4,Yes
79578.65,606,43,37653.66,4.7,Yes
73470.83,748,30,8693.99,0.6,Yes
77243.74,598,26,18210.69,3.3,Yes
71521.2,777,48,18502.95,16.0,Yes
109771.61,850,21,4981.42,0.0,Yes
63083.93,717,47,43104.23,7.6,Yes
58244.17,734,35,14120.07,9.0,Yes
48422.39,653,35,4972.88,9.2,Yes
42290.22,554,42,12045.69,7.9,Yes
37621.62,645,43,2000.0,11.5,Yes
45446.46,608,29,19677.36,7.8,Yes
63445.03,581,45,15827.07,18.4,Yes
72354.49,819,39,45628.21,11.1,Yes
66125.13,710,25,47005.69,4.3,Yes
48158.22,718,36,7201.74,5.4,Yes
84804.06,667,51,33630.76,16.2,Yes
81267.08,677,54,29760.81,24.7,Yes
61487.74,762,45,15527.55,16.0,Yes
50635.84,688,26,26445.06,6.9,Yes
77065.41,730,42,11492.86,0.0,Yes
69135.42,675,46,44035.06,8.1,Yes
33141.2,664,45,10827.46,5.9,Yes
63504.43,584,45,18815.41,11.6,Yes
70764.79,542,41,35810.93,9.0,Yes
45206.71,670,37,21016.47,5.2,Yes
69176.55,694,31,36814.0,9.2,Yes
32993.91,594,21,2000.0,0.0,Yes
94396.09,687,41,66032.89,6.8,Yes
92454.9,694,39,20643.99,3.9,Yes
59444.62,528,43,7414.08,13.6,Yes
72996.0,621,24,10583.44,0.0,Yes
15000.0,721,44,8047.7,19.3,Yes
39560.35,719,58,23582.77,11.5,Yes
58536.86,603,38,26243.42,12.3,Yes
41413.07,702,37,6336.08,11.5,Yes
80716.72,767,41,13174.75,11.8,Yes
108940.52,748,58,58426.99,22.7,Yes
39114.48,683,27,19811.53,8.2,Yes
46575.81,655,40,30682.75,0.0,Yes
70179.86,643,30,10286.41,3.5,Yes
100444.56,725,32,64261.14,8.6,Yes
38107.77,705,37,13453.74,10.6,Yes
70478.79,737,51,27036.24,14.8,Yes
105068.57,700,56,33000.75,15.7,Yes
28661.3,751,42,2000.0,13.1,Yes
36816.48,697,34,23208.93,7.6,Yes
55680.65,749,62,20926.57,18.2,Yes
53547.05,755,33,7573.63,3.6,Yes
82877.23,630,32,31343.81,2.7,Yes
70316.51,554,21,12698.13,0.0,No
25950.83,806,51,17917.98,10.5,Yes
76339.03,709,47,10903.09,2.5,Yes
52294.14,561,62,21245.31,12.7,Yes
93037.84,636,24,32318.77,1.3,Yes
51193.07,748,52,19073.4,12.3,Yes
50994.46,669,38,3385.07,6.5,Yes
76904.9,652,46,31175.0,15.9,Yes
81784.38,795,21,42534.3,0.0,Yes
74858.19,611,52,28634.36,24.7,Yes
27916.86,630,45,2000.0,16.0,Yes
76836.76,706,37,45385.06,6.1,Yes
42245.22,719,44,18337.97,15.1,Yes
70176.07,727,30,20828.99,8.0,Yes
33677.84,758,32,6668.17,0.1,Yes
74819.09,705,33,18436.06,4.0,Yes
47254.82,727,21,12357.09,0.0,Yes
36782.04,671,46,28168.44,9.2,Yes
80704.04,695,49,67700.45,12.0,Yes
70316.18,698,30,27188.46,0.0,Yes
51492.51,706,41,26693.27,7.5,Yes
96925.93,748,35,59798.69,2.7,Yes
55305.65,732,41,6345.16,9.2,No
65706.37,693,31,29818.82,3.7,Yes
70916.1,629,29,17079.87,3.1,Yes
51367.35,695,48,2000.0,9.5,Yes
75365.0,688,37,15707.92,5.4,Yes
53264.05,704,58,29854.73,29.1,Yes
55943.96,850,38,36382.16,14.3,Yes
94978.14,651,28,23609.52,1.8,Yes
42107.11,722,50,2522.84,14.4,Yes
15000.0,770,44,2777.09,16.5,Yes
100440.61,697,45,31363.93,19.3,Yes
121085.21,850,49,58645.24,12.1,Yes
56084.08,662,31,20467.42,6.2,Yes
22389.56,714,36,5785.98,6.2,Yes
58169.35,630,36,30923.51,7.5,Yes
58703.1,664,25,2392.68,0.7,No
60821.68,709,35,20078.18,5.6,Yes
40505.46,753,51,3111.79,10.5,Yes
77750.35,714,40,23234.47,10.9,Yes
76539.16,784,24,29302.78,3.8,Yes
32123.08,683,22,23100.3,0.0,Yes
80382.33,665,54,35456.62,19.9,Yes
110159.07,850,37,23482.52,6.5,Yes
68783.13,720,31,43460.89,4.9,Yes
57578.85,636,35,24787.73,7.0,Yes
61875.93,638,23,12414.27,0.7,Yes
78535.65,619,52,15770.63,8.8,Yes
26925.22,760,34,2000.0,6.8,Yes
68616.6,663,51,26486.54,20.4,Yes
56409.79,700,38,25819.78,5.7,Yes
105652.15,685,52,35336.93,21.3,Yes
61168.2,745,40,6935.34,11.5,Yes
101693.53,626,46,29467.47,12.8,Yes
40717.7,609,45,22735.06,16.4,Yes
77919.7,707,44,18752.18,9.9,Yes
72026.81,735,41,10571.04,13.0,Yes
45880.96,715,35,19519.91,8.3,Yes
68902.71,629,57,32916.67,15.1,Yes
91675.41,741,28,12998.1,4.0,Yes
57876.58,634,38,25500.31,7.7,Yes
27776.82,651,38,24987.31,2.0,Yes
64613.62,619,42,15707.75,12.9,Yes
45146.69,788,33,22669.03,10.2,Yes
57468.5,738,41,17917.0,14.2,Yes
63205.07,735,36,16837.63,7.9,Yes
27475.65,784,22,8962.19,2.1,Yes
29455.52,850,38,14583.26,12.6,Yes
75605.47,562,26,17367.88,2.4,Yes
53500.19,635,21,28120.17,0.0,Yes
15000.0,644,39,14264.8,9.5,Yes
82266.57,626,42,53143.44,13.9,Yes
70992.13,609,43,26814.98,12.0,Yes
49294.75,668,43,28616.45,11.7,Yes
36029.74,599,21,3597.99,0.2,Yes
83387.77,715,24,21170.83,1.6,Yes
72685.71,694,57,16242.89,28.9,Yes
117417.25,726,27,73234.6,3.1,Yes
74244.15,728,44,52364.35,21.2,Yes
73529.47,735,31,26633.43,6.5,Yes
61327.59,662,38,43510.57,7.7,Yes
82969.07,849,31,37536.62,2.6,Yes
78751.87,708,43,41572.75,14.4,Yes
92537.95,550,39,21152.31,7.9,Yes
53530.9,615,33,13816.03,3.7,Yes
55421.04,559,27,19251.67,3.7,No
54459.73,691,40,10325.83,6.6,Yes
82397.64,681,25,33444.78,2.3,Yes
97964.24,655,42,25531.56,13.7,Yes
54905.51,841,64,23861.27,23.8,Yes
55654.98,731,51,36279.43,23.3,Yes
71909.7,744,45,2000.0,13.2,Yes
59593.25,620,37,20120.72,11.4,Yes
85945.18,615,21,50193.81,0.0,Yes
15460.9,693,24,18030.57,2.3,Yes
46812.49,703,50,24202.97,12.3,No
47786.84,551,30,34623.91,4.2,Yes
15000.0,676,31,5706.0,5.6,No
43799.95,691,36,22770.47,13.0,Yes
44866.57,674,27,20616.82,0.0,No
60575.7,629,25,25474.24,5.9,Yes
89485.25,650,37,10530.27,16.2,Yes
59608.67,677,29,3693.78,0.0,Yes
42322.1,697,30,2000.0,3.6,Yes
63747.0,735,30,39535.31,1.4,Yes
88081.82,771,43,47978.43,8.6,Yes
43528.91,668,35,19214.89,6.0,No
44967.35,656,36,5171.11,8.0,Yes
77288.08,723,43,32808.63,9.8,Yes
60126.21,736,36,36435.13,7.2,Yes
79244.66,657,35,26127.93,6.0,Yes
64699.77,749,42,2000.0,11.5,Yes
80436.6,763,44,51864.93,3.3,Yes
42228.28,787,36,2000.0,7.9,Yes
64734.14,823,38,17486.09,13.4,Yes
60364.82,625,30,46285.88,2.4,No
38250.4,691,29,26441.59,2.1,No
30603.49,691,45,15053.06,14.1,Yes
80086.48,683,42,36564.25,17.5,Yes
57279.05,641,42,51871.23,10.2,Yes
42509.83,579,40,2000.0,7.9,Yes
62884.06,697,38,26679.41,1.9,Yes
89816.41,632,44,31979.32,10.6,Yes
15000.0,696,47,2000.0,19.9,Yes
32073.95,630,47,20262.97,12.7,Yes
44696.5,608,36,16821.87,2.5,No
97145.94,708,51,22315.46,23.3,Yes
71216.91,701,40,20202.41,10.5,Yes
81880.98,733,44,30629.52,12.9,Yes
39916.46,850,40,11457.78,11.1,Yes
40370.21,711,40,21026.95,8.2,Yes
74851.9,726,30,32836.81,7.5,Yes
66282.04,609,45,28596.44,12.9,Yes
77072.25,593,65,30122.02,30.1,Yes
60871.24,809,34,30612.33,8.5,Yes
71119.16,621,38,18836.62,4.4,Yes
68478.62,612,33,2000.0,4.7,Yes
82110.88,687,33,22141.79,2.1,Yes
82754.18,683,53,39948.79,23.9,Yes
29362.82,622,31,19091.48,8.4,Yes
15560.09,667,33,4701.47,3.2,No
87038.4,782,22,38186.29,4.6,Yes
91129.95,630,30,35538.46,2.8,Yes
42546.29,585,21,5716.14,4.0,Yes
24083.62,761,44,21581.66,12.4,Yes
67178.77,727,65,20747.48,16.4,Yes
85478.44,643,34,27901.34,9.1,Yes
104547.08,571,21,47934.06,0.0,Yes
76358.55,634,46,20550.09,18.1,Yes
56822.23,686,30,15507.73,9.5,Yes
45351.13,777,50,3700.9,26.0,Yes
65251.93,612,35,34116.06,10.3,Yes
58416.18,684,31,18213.8,6.5,Yes
42668.51,741,36,19009.15,5.5,Yes
110072.62,511,45,49321.31,8.8,Yes
104273.7,768,35,25626.96,7.5,Yes
89993.07,601,33,44548.93,6.5,Yes
44741.29,715,36,28249.02,5.1,Yes
83810.43,709,25,66850.02,0.0,Yes
79071.78,771,41,36106.9,15.7,Yes
74736.0,731,21,18932.3,3.8,Yes
92492.64,512,33,39230.0,12.7,Yes
78978.17,631,45,50498.04,10.7,Yes
81280.31,700,41,35830.61,10.9,Yes
79011.94,675,43,49239.84,17.6,Yes
72497.41,726,37,21858.19,1.2,Yes
25760.56,749,49,22224.53,12.2,Yes
66839.66,736,47,22210.5,21.5,Yes
52763.78,674,42,8321.22,10.2,Yes
36843.5,552,47,23398.8,11.5,Yes
101999.97,656,45,60506.44,17.7,Yes
103037.9,721,33,57589.07,7.7,Yes
94902.85,608,24,24944.26,0.4,Yes
70614.7,737,42,6031.26,10.9,Yes
94713.75,758,43,21420.9,9.8,Yes
65265.17,700,48,20770.4,21.9,Yes
69461.54,460,28,36936.84,7.1,No
40943.63,594,28,14030.31,7.2,Yes
73733.81,831,42,19235.13,13.6,Yes
66328.49,649,37,30701.37,3.3,Yes
36341.65,541,21,24857.59,0.0,No
63873.66,783,41,2000.0,18.0,Yes
63245.95,691,21,36122.63,0.0,Yes
104546.35,773,28,45951.36,6.3,Yes
84672.69,711,51,10897.83,17.0,Yes
65251.8,724,56,19370.64,29.1,Yes
70473.32,717,25,31725.24,1.6,Yes
65972.67,742,34,11958.45,7.9,Yes
60535.89,850,38,35919.69,14.2,Yes
41186.6,763,55,16145.36,17.0,Yes
61676.86,571,33,5780.56,7.9,Yes
48585.84,723,33,23186.78,5.6,Yes
37493.06,776,53,31216.09,12.0,Yes
76246.88,780,34,5344.81,7.3,Yes
73607.82,658,45,54519.19,15.7,No
25692.43,777,23,2000.0,1.8,Yes
62300.94,760,36,17786.27,8.8,Yes
86905.43,850,21,17893.5,0.0,Yes
88302.92,634,27,47538.33,7.2,Yes
87568.41,652,46,10365.31,12.3,Yes
65856.09,667,37,9703.59,11.5,Yes
46409.0,653,34,43324.66,8.0,Yes
41158.63,623,30,3157.72,3.4,No
72581.31,483,35,32355.4,8.3,No
73344.16,657,41,49713.45,6.8,Yes
93321.28,718,47,29785.95,17.7,Yes
89199.55,653,21,26264.04,4.7,Yes
62090.97,835,29,26873.14,5.6,Yes
37627.47,691,39,9800.08,12.5,Yes
57979.65,787,37,2000.0,2.3,Yes
69779.09,710,42,47479.83,15.7,Yes
60554.17,752,40,20129.97,15.3,Yes
52286.33,711,34,16305.78,3.6,Yes
70563.47,793,32,27119.23,8.4,Yes
53912.93,694,35,33817.7,1.8,Yes
51182.55,727,49,20159.0,15.6,Yes
71851.96,717,30,43482.31,2.4,Yes
56156.16,668,37,35266.17,8.5,Yes
70370.3,720,39,35667.4,9.9,Yes
71010.49,850,53,15853.9,12.0,Yes
39932.56,670,34,25856.89,13.4,Yes
54412.7,721,47,13245.9,16.5,No
96631.09,784,50,49730.16,20.9,Yes
39434.25,776,37,27739.66,15.7,Yes
18433.6,691,35,10278.29,10.4,Yes
24039.41,511,34,20393.57,5.2,No
65640.42,729,35,2000.0,2.1,Yes
65680.18,524,46,7127.41,11.3,Yes
62412.56,800,40,24785.53,8.6,Yes
91712.18,703,40,28603.25,8.1,Yes
15000.0,765,26,2000.0,5.3,No
73710.55,622,28,22391.95,1.2,Yes
99351.64,574,59,4998.94,29.3,Yes
40188.82,710,36,23765.61,3.8,No
56644.26,687,30,2000.0,7.5,Yes
48436.38,653,52,18907.43,15.4,Yes
45324.39,696,40,32891.71,5.4,Yes
57822.24,850,43,18426.89,17.2,Yes
96404.68,753,36,51538.83,7.2,Yes
105422.51,769,34,53327.97,12.8,Yes
57609.34,753,36,34896.02,11.2,Yes
106911.32,801,24,6906.07,3.9,Yes
65782.68,676,37,38110.25,11.6,Yes
103581.2,536,40,34539.39,10.3,Yes
62947.43,676,56,2000.0,21.7,Yes
67883.27,751,38,37529.13,7.7,Yes
73040.44,617,21,21245.99,2.7,Yes
134934.78,677,37,75859.96,7.6,Yes
83728.28,638,65,29170.6,32.7,Yes
49440.18,803,46,33518.76,7.9,Yes
86317.95,746,29,18252.49,7.3,Yes
57039.68,739,43,33741.24,11.3,Yes
54225.5,737,30,22573.86,3.3,Yes
84989.23,687,24,18470.53,0.0,Yes
65683.88,705,34,13066.69,5.4,Yes
71128.67,601,38,38621.33,5.0,Yes
65307.67,526,21,18801.12,0.0,Yes
72404.83,701,26,14900.41,1.4,Yes
74349.25,714,38,18933.34,5.7,Yes
22386.73,781,33,5079.9,6.8,Yes
79664.6,808,41,29748.36,5.3,Yes
43395.57,808,25,14850.51,0.4,No
33269.42,615,45,19264.48,23.3,Yes
63714.95,664,26,38607.45,4.3,Yes
66847.58,726,54,7299.33,19.2,Yes
49742.86,850,21,18509.47,2.9,Yes
83282.7,801,27,19278.62,0.0,Yes
35472.15,774,42,23697.48,0.0,Yes
56047.24,661,54,2299.82,26.0,Yes
52132.77,624,41,23111.44,4.0,Yes
63975.08,749,43,24443.77,13.9,Yes
71135.01,607,38,11027.13,6.1,Yes
42826.36,672,27,23614.72,4.6,Yes
80934.22,681,33,15636.37,3.4,Yes
66386.05,809,25,14477.84,3.4,Yes
23377.18,663,25,2000.0,3.4,Yes
21910.99,507,42,2000.0,6.4,Yes
64728.98,728,26,7116.13,0.0,Yes
60138.72,638,41,12089.22,12.7,Yes
62724.76,693,24,37119.33,1.2,Yes
64384.39,683,40,36619.45,19.3,Yes
69962.32,669,33,36551.21,7.6,Yes
85848.29,749,52,41062.93,26.0,Yes
40555.69,575,41,7832.7,6.6,Yes
39216.62,651,50,8207.44,13.6,Yes
40946.88,741,30,2140.25,7.9,Yes
71356.17,644,38,4735.63,6.7,Yes
92388.84,569,28,45668.8,0.0,Yes
55510.53,740,33,27069.64,0.0,Yes
15000.0,774,35,2518.39,9.4,Yes
27512.16,687,30,29290.19,10.0,Yes
46673.19,543,25,16093.19,6.3,Yes
52729.96,743,23,8166.32,1.6,Yes
56015.45,566,21,2243.95,0.0,Yes
65848.78,713,27,10572.16,0.5,Yes
58141.58,623,44,4408.54,9.3,Yes
88085.47,603,22,30611.24,0.0,Yes
50127.62,657,24,25857.95,5.8,Yes
46029.0,676,55,11546.91,16.4,Yes
75535.26,642,31,23906.23,7.5,Yes
31215.87,734,41,3714.31,15.5,Yes
73573.22,657,44,23073.44,7.5,Yes
67256.17,764,44,29020.58,11.9,Yes
61756.27,711,22,27614.24,0.7,Yes
99942.07,638,35,45658.73,9.4,Yes
51311.44,625,21,20281.12,1.2,No
110326.56,566,62,53542.92,11.3,Yes
60040.51,712,22,13905.68,0.9,Yes
36905.64,663,27,22772.61,0.0,Yes
66538.23,512,27,7067.55,5.4,Yes
41322.61,650,23,24377.26,0.4,Yes
48461.37,622,51,33491.09,28.1,Yes
73734.73,808,62,17961.46,14.1,Yes
77222.81,562,33,33498.16,4.0,Yes
51312.31,582,24,13528.91,0.0,Yes
86722.91,773,21,23346.36,1.9,Yes
90465.17,792,35,45983.85,5.0,Yes
96598.64,634,34,18533.18,4.0,Yes
76647.09,643,31,28992.5,5.1,Yes
94995.43,736,40,32156.55,12.7,Yes
23622.43,515,41,10247.29,4.1,Yes
58006.06,550,41,6403.28,15.4,Yes
45925.88,669,34,24467.77,7.6,Yes
67622.97,806,26,27749.87,0.9,Yes
52428.12,657,44,23807.61,18.4,Yes
61344.53,698,38,36358.04,12.9,Yes
106407.85,775,46,38646.05,11.1,Yes
61266.16,848,45,19769.77,15.5,Yes
74103.43,647,23,46828.71,1.0,No
59890.07,689,23,27364.1,3.4,Yes
66665.69,827,30,9661.27,4.2,Yes
65132.37,576,27,2000.0,3.3,Yes
74863.13,767,45,41541.64,6.8,Yes
90636.77,614,41,20986.93,14.6,Yes
101242.67,698,48,30906.22,12.5,Yes
71811.64,672,41,14779.43,2.9,Yes
77970.03,618,40,31205.9,15.9,Yes
39680.98,616,49,10235.7,13.2,No
63066.71,711,42,29347.73,10.2,Yes
85686.37,765,38,31772.37,6.7,Yes
84051.31,680,52,2000.0,15.3,Yes
69655.41,695,39,14660.52,11.0,Yes
84500.67,733,34,13344.67,9.0,Yes
75796.87,617,29,25106.68,6.1,Yes
91406.74,745,45,46048.73,13.6,Yes
71365.9,751,50,26517.25,17.1,Yes
57174.64,850,37,32655.31,4.2,Yes
72388.51,662,51,19441.27,8.8,Yes
15000.0,656,21,2000.0,0.1,Yes
73423.49,748,37,39834.53,11.5,Yes
15000.0,751,37,2000.0,11.9,Yes
27083.81,650,30,7112.9,5.5,Yes
74938.91,660,61,35828.2,19.0,No
75505.65,731,37,15572.52,12.5,Yes
39426.57,628,33,8889.06,3.8,No
49333.76,659,38,7223.69,3.7,Yes
95151.9,697,21,27337.64,0.0,Yes
54351.34,765,30,27294.95,3.2,Yes
114344.25,645,47,50681.62,7.2,Yes
64957.76,552,31,25720.7,0.3,Yes
73976.8,546,29,32464.69,10.0,Yes
100571.24,596,51,47032.97,8.4,Yes
67882.6,592,51,16296.74,18.9,Yes
42948.43,678,43,20720.73,10.2,No
62586.0,601,33,7758.82,4.3,Yes
64216.56,637,35,19589.94,8.4,Yes
34975.68,632,29,16990.78,0.0,Yes
59371.69,657,28,17723.37,1.3,Yes
48671.77,789,27,11416.67,1.4,Yes
85335.87,740,31,35427.32,8.2,Yes
65761.46,691,27,14331.79,0.0,Yes
58778.49,655,22,25941.02,2.4,No
62664.0,658,40,22740.1,16.2,Yes
69908.68,715,40,22897.61,12.9,Yes
78569.91,734,55,42773.94,29.5,Yes
43006.33,622,31,14468.39,5.9,Yes
42085.07,693,40,3430.56,10.9,Yes
89302.94,538,41,41828.66,8.2,Yes
55928.59,706,35,19468.15,5.7,Yes
33829.47,747,45,8322.49,16.1,Yes
74763.88,669,45,12007.11,14.2,Yes
75194.14,826,41,28540.88,11.3,Yes
31324.26,624,35,12039.76,6.9,No
70048.6,706,34,33431.4,6.4,Yes
81182.83,687,24,44269.75,2.0,Yes
73236.5,682,29,42038.05,7.9,Yes
78903.59,681,31,25591.51,9.9,Yes
34106.08,698,26,7001.82,5.5,Yes
72282.88,754,42,16969.58,16.1,Yes
58342.37,793,49,27375.74,9.1,Yes
54378.62,690,28,19386.99,8.4,Yes
84152.22,751,40,23112.63,16.6,Yes
97544.04,637,27,47085.18,7.2,Yes
104476.14,747,34,13266.29,8.2,Yes
93925.77,633,31,25126.21,5.4,Yes
62585.85,772,44,24936.77,12.2,Yes
72759.84,850,31,15893.95,4.8,Yes
81870.1,681,48,20292.53,9.4,Yes
67665.91,526,35,22277.79,9.2,Yes
67876.81,649,31,22386.85,7.5,Yes
83122.57,782,25,38744.16,0.0,Yes
63695.78,731,40,14852.3,15.4,Yes
48955.69,709,46,22983.23,6.6,Yes
55881.59,766,40,22411.93,12.7,Yes
78946.03,726,60,10046.05,23.4,Yes
65065.85,781,52,41991.24,21.7,Yes
72484.62,759,34,36311.49,7.2,Yes
79741.74,804,34,3555.54,5.7,Yes
56753.49,717,42,7998.7,14.9,Yes
81637.46,758,29,20212.74,7.8,Yes
73334.54,667,49,14603.1,18.1,Yes
37834.11,645,41,2000.0,11.3,Yes
96730.71,818,40,34717.35,6.8,Yes
53983.62,706,44,26861.44,16.6,Yes
28587.9,750,55,3560.23,24.5,Yes
42009.04,699,39,9335.49,0.6,Yes
42537.01,646,36,33705.41,9.1,Yes
66147.81,691,53,43629.29,15.3,Yes
58975.29,798,47,17399.6,21.4,Yes
57589.7,732,34,2879.4,4.1,Yes
78633.44,562,38,40548.61,8.4,Yes
72477.26,674,39,37751.69,9.7,Yes
71953.05,824,41,48943.69,12.7,Yes
74016.23,674,24,34216.51,0.0,Yes
78554.96,555,22,2000.0,0.0,No
18625.03,832,29,5418.16,4.5,Yes
56982.36,741,28,31589.68,0.7,Yes
17035.38,685,31,8764.1,5.4,No
65793.32,662,44,20515.92,9.9,No
64898.07,771,36,29797.68,1.4,Yes
88001.71,649,39,41474.04,4.4,No
91127.96,776,25,44523.31,3.4,Yes
69461.05,731,33,32164.08,4.2,Yes
53992.06,708,43,21737.81,15.0,Yes
75673.54,701,43,22309.54,7.9,Yes
53385.81,677,30,32070.32,8.0,Yes
64969.36,768,39,40695.18,8.0,Yes
86695.0,625,59,45074.82,25.1,Yes
52729.03,568,37,2000.0,11.7,Yes
82724.93,736,31,13801.36,5.9,Yes
79902.83,737,36,33481.94,5.7,Yes
43994.58,726,38,9659.18,4.3,Yes
86425.67,721,36,6326.93,7.2,Yes
80368.46,666,37,41312.44,4.3,Yes
67242.37,749,23,16086.42,0.0,Yes
48228.88,687,28,3103.24,4.3,Yes
46097.47,653,36,15566.12,7.7,Yes
53171.42,667,36,2000.0,3.8,Yes
76937.08,842,32,38506.52,5.8,Yes
43976.25,560,36,23250.27,6.6,Yes
74625.27,727,38,21632.53,3.6,Yes
37681.38,564,46,17364.86,7.8,No
60510.49,682,37,14485.48,11.8,Yes
67412.25,657,41,17534.1,13.6,Yes
118792.86,534,32,40995.08,4.0,Yes
34699.06,719,43,16716.43,13.7,Yes
97384.32,661,41,6805.15,13.7,Yes
68296.53,533,46,15233.66,7.7,No
74045.78,753,45,31443.06,11.6,Yes
67603.65,798,43,16725.53,7.5,Yes
74783.99,802,37,26552.19,6.3,Yes
61618.93,717,40,8038.36,15.7,Yes
96989.1,693,48,13971.46,9.4,Yes
54957.63,790,31,24830.47,9.8,Yes
89909.16,816,31,40347.21,6.5,No
50823.92,775,39,10711.12,17.2,Yes
63674.46,619,42,38886.98,16.2,No
41416.82,705,29,7419.51,6.7,Yes
75010.52,723,37,6860.86,6.8,Yes
96792.77,554,37,19491.08,10.5,Yes
63298.16,725,21,14046.3,0.0,Yes
60668.51,850,35,20653.18,15.3,No
40478.43,738,36,2573.83,5.4,Yes
59955.56,801,36,2000.0,7.9,Yes
29958.53,704,52,21294.64,20.6,Yes
44916.68,685,25,22944.73,0.0,Yes
69989.29,719,29,31308.24,7.6,Yes
94018.29,629,21,48363.64,0.0,Yes
126802.64,618,33,52022.29,7.0,Yes
52095.13,785,34,22879.82,4.6,Yes
96576.6,793,32,51838.77,5.8,Yes
70362.55,616,49,22093.44,10.1,Yes
61672.55,763,46,18359.35,1.9,Yes
74517.08,683,38,12606.77,11.3,Yes
66362.16,715,34,13494.56,8.2,Yes
67428.71,725,48,23323.96,21.6,Yes
56016.67,765,37,20239.76,10.7,Yes
34241.59,696,29,11936.05,4.3,Yes
31040.25,796,21,10728.74,0.7,No
79371.39,713,33,29952.82,11.7,Yes
58912.6,737,45,17954.19,18.1,Yes
51886.04,628,60,12236.85,21.0,Yes
65187.12,850,38,19651.76,6.8,Yes
82488.51,725,30,29511.74,12.0,Yes
68968.01,743,26,12686.32,6.1,Yes
50566.79,569,43,24653.64,1.7,Yes
91978.45,628,21,23346.14,6.5,Yes
99742.08,783,43,51061.96,5.3,Yes
75880.25,712,46,46471.24,10.9,Yes
86420.6,546,42,21041.86,14.9,Yes
92323.12,768,35,28881.01,10.7,Yes
89862.18,649,43,39327.2,9.3,Yes
78510.18,796,39,33138.88,15.8,Yes
78163.64,683,30,22046.86,6.1,Yes
76432.53,705,56,36435.12,13.9,Yes
40858.57,778,34,23042.01,9.2,Yes
80415.91,623,45,52423.3,19.5,Yes
35172.09,616,21,22251.67,0.0,Yes
47518.81,675,50,25963.97,24.1,Yes
93678.43,752,52,19093.66,21.5,Yes
83484.84,590,38,7777.21,5.9,Yes
97722.76,565,43,27942.54,10.5,Yes
59023.16,752,43,3494.98,15.5,Yes
39650.53,645,31,2391.9,8.6,Yes
59710.38,661,43,28394.89,9.8,Yes
67244.69,551,29,10530.2,0.0,Yes
66737.75,639,31,15127.53,8.6,Yes
89940.97,689,49,30078.23,7.2,Yes
57052.05,760,47,17673.98,5.3,Yes
72744.76,632,30,31475.09,7.9,Yes
43250.2,814,30,21914.77,9.6,Yes
74906.98,639,31,37745.49,10.4,Yes
65068.39,639,45,15476.56,15.0,Yes
48504.11,805,28,2000.0,5.3,Yes
59811.75,706,41,13270.39,18.0,Yes
60948.13,649,45,38396.18,10.1,Yes
59056.59,678,37,19937.12,4.9,Yes
103969.51,791,48,32342.51,19.5,Yes
62834.19,800,34,31281.52,10.7,Yes
59634.29,629,35,5115.91,10.9,Yes
18856.08,687,28,11833.32,0.0,Yes
45327.44,697,48,16754.39,18.0,Yes
59212.38,616,30,23826.0,7.6,Yes
49911.24,686,41,12900.67,11.6,Yes
95397.57,690,37,57598.89,13.6,Yes
61371.37,776,27,17984.75,6.0,Yes
93345.77,781,31,55227.77,3.5,Yes
66357.5,665,51,18866.82,18.9,Yes
65819.01,674,40,16846.03,13.3,Yes
63046.48,740,27,5580.87,5.7,Yes
65083.52,646,41,6968.17,16.3,Yes
102813.49,734,36,58711.62,1.0,Yes
15000.0,683,65,16383.77,17.3,Yes
20965.99,617,40,13898.95,18.2,Yes
53050.24,618,34,29992.14,10.3,Yes
65319.61,799,52,22235.0,25.4,Yes
80182.3,678,21,20599.07,1.0,Yes
75407.92,813,38,50330.08,9.0,Yes
56546.59,651,57,23022.82,26.9,Yes
87418.96,712,36,30840.44,11.9,Yes
87664.3,850,21,16544.66,0.0,Yes
69049.27,611,34,39223.2,10.5,Yes
86178.47,548,52,15392.17,13.3,Yes
70998.2,786,41,8399.07,11.4,Yes
52647.37,628,29,3413.46,0.0,Yes
80351.97,688,31,10225.31,2.5,Yes
67433.49,646,32,11175.18,3.8,Yes
65029.48,710,41,16095.12,13.1,Yes
97404.98,619,51,44221.49,20.0,Yes
15000.0,677,48,11975.2,18.3,Yes
33810.95,724,42,5071.44,12.7,Yes
38884.45,614,24,27882.08,1.9,No
57008.27,637,24,28870.1,0.0,Yes
59398.62,664,43,56592.66,14.5,Yes
31838.84,583,24,11882.62,1.2,Yes
43326.52,658,35,18607.4,11.1,Yes
46061.48,699,41,10282.03,13.6,Yes
119063.33,660,26,67612.34,1.9,Yes
104638.32,670,27,46457.34,0.4,Yes
55941.51,689,37,17480.55,7.7,Yes
57001.17,641,43,15221.74,8.5,Yes
39717.51,742,48,21167.49,7.7,No
23021.13,798,44,2000.0,15.0,Yes
62428.64,655,38,31298.81,8.8,Yes
43047.26,726,30,17940.39,5.3,Yes
63133.29,672,27,38131.55,8.1,Yes
29795.47,717,32,4105.37,7.4,Yes
48236.56,807,42,21668.64,16.4,Yes
68269.8,728,41,31230.85,18.8,Yes
73056.61,557,21,32521.25,1.1,Yes
74184.38,724,30,28868.16,0.1,Yes
35949.24,782,50,27418.23,22.2,Yes
83803.09,673,38,13337.35,10.9,Yes
47395.34,765,23,45301.95,3.8,Yes
78922.87,638,61,15230.34,29.0,Yes
64765.95,579,37,16964.81,7.3,Yes
34719.48,701,41,2735.86,18.9,Yes
58043.65,558,41,16375.51,14.7,Yes
73038.0,672,34,28841.67,6.7,Yes
78485.24,787,30,2000.0,4.0,Yes
61898.27,547,59,15956.49,26.0,Yes
98699.14,594,48,41752.46,18.4,Yes
87165.24,613,46,23211.2,17.1,Yes
59353.61,685,43,36771.23,17.8,Yes
81502.68,663,27,27829.23,8.4,Yes
107543.46,795,50,24236.15,16.3,Yes
108130.66,762,29,19961.12,4.5,Yes
37984.0,727,40,21837.68,12.3,Yes
44616.27,701,21,12876.38,0.3,Yes
97668.21,719,21,24945.75,0.0,Yes
41717.82,625,41,24706.14,10.9,Yes
35904.1,754,29,6456.56,6.0,Yes
54303.73,607,21,26776.8,0.0,Yes
74244.99,753,43,44667.33,17.3,Yes
62747.27,779,59,21289.83,11.0,No
50687.6,706,51,17232.94,23.0,Yes
50167.33,677,35,15937.08,9.5,Yes
49328.58,720,38,21626.34,5.4,Yes
45650.79,475,46,13930.3,13.0,No
115195.92,713,49,24872.73,23.5,Yes
71545.24,681,34,34108.74,7.0,Yes
84508.7,686,38,47379.32,12.1,Yes
54240.3,743,41,34046.78,7.7,No
60908.95,684,43,14815.08,6.9,Yes
49301.81,604,36,14580.61,10.8,Yes
15000.0,679,36,2000.0,10.9,Yes
34683.8,695,51,26527.36,21.1,Yes
25166.39,699,50,16301.27,21.7,Yes
15504.76,702,42,8502.14,15.9,Yes
38702.1,768,55,15149.92,12.2,Yes
94149.02,609,34,23653.63,5.6,Yes
64022.4,703,54,30339.44,12.2,Yes
93392.4,787,43,31561.02,13.5,Yes
74041.62,560,65,31010.53,18.2,Yes
82216.29,703,26,38706.08,3.3,Yes
45180.27,646,31,17159.02,8.8,No
76526.92,662,42,4037.38,12.2,Yes
81031.71,622,41,39402.26,10.4,Yes
52313.76,677,57,2000.0,13.9,Yes
77309.89,828,31,27189.76,5.0,Yes
77456.13,595,47,34296.37,13.7,Yes
52909.84,602,49,20111.51,5.9,Yes
40299.09,592,45,6456.68,21.1,Yes
38949.18,820,28,14163.71,1.5,Yes
66903.12,655,52,28462.02,14.8,Yes
72194.22,688,50,40606.31,13.8,Yes
47564.43,660,43,19712.85,9.0,Yes
65584.88,619,40,5070.74,8.1,Yes
77551.81,672,40,21722.0,5.3,Yes
78600.2,850,37,23854.77,11.5,Yes
99141.36,794,44,2000.0,14.2,Yes
93093.58,626,38,36269.91,15.2,Yes
42971.59,739,29,17430.47,7.9,Yes
102038.9,628,27,17361.2,2.5,Yes
53318.52,557,30,14818.19,1.5,Yes
87987.2,766,40,36393.67,11.7,Yes
66495.71,777,37,31162.48,16.8,Yes
55932.71,768,40,21842.91,16.5,Yes
25230.67,655,43,10451.88,4.1,Yes
61225.58,677,31,2000.0,4.1,Yes
30693.57,746,52,3302.97,7.8,Yes
86280.58,719,35,29982.02,7.6,Yes
98369.44,660,33,17281.08,7.6,Yes
47467.96,569,42,9055.22,10.7,Yes
71643.36,699,21,15013.81,0.0,Yes
49041.39,771,30,24019.19,0.0,Yes
51173.34,600,47,46961.75,12.0,Yes
82038.88,738,21,20107.89,0.0,Yes
64152.16,715,49,40477.2,17.6,Yes
103272.26,746,53,18105.82,19.9,Yes
54390.89,755,34,21370.01,10.1,Yes
86985.4,638,40,51371.66,8.4,Yes
67143.1,569,49,17627.1,22.3,Yes
82507.12,650,33,18755.2,7.7,Yes
55162.53,757,46,9215.35,6.2,Yes
63909.71,649,31,13874.38,4.0,Yes
62459.02,638,33,34396.57,4.4,Yes
46606.74,553,30,10234.72,5.2,No
79565.79,821,41,6711.19,4.1,Yes
79305.48,752,49,33686.95,11.9,Yes
78058.2,748,36,23008.58,4.4,Yes
98813.24,763,25,20295.49,4.8,No
96885.59,733,27,65097.9,0.9,Yes
56751.22,672,41,26034.92,5.4,Yes
73207.15,678,56,21895.14,24.7,Yes
51280.78,658,41,14721.16,11.3,Yes
65513.82,850,34,2000.0,9.8,Yes
51805.51,732,45,13451.86,9.3,Yes
100641.55,655,35,36249.51,14.7,Yes
73001.36,725,34,27666.41,10.0,Yes
60203.36,614,28,25010.87,6.6,Yes
91259.61,803,52,53288.62,6.2,Yes
17246.46,640,21,2000.0,1.1,Yes
20689.74,728,45,9645.94,2.4,Yes
82508.45,770,33,35371.14,6.3,Yes
66330.31,719,33,32703.63,4.8,Yes
70509.82,697,54,13304.98,24.1,Yes
35819.29,691,30,13288.98,6.5,Yes
64488.86,686,31,32391.6,7.9,Yes
109077.21,647,36,60651.08,10.1,Yes
83132.39,656,42,22145.85,3.2,Yes
68733.54,801,33,9050.73,7.4,Yes
55340.81,682,22,8176.56,0.0,Yes
56319.4,631,29,18910.92,5.8,Yes
18157.65,651,50,5487.78,16.7,Yes
70668.09,773,38,23520.1,4.1,Yes
83600.63,741,42,13433.82,19.9,Yes
30336.37,732,35,21286.52,1.9,No
50448.83,671,31,33187.89,6.8,Yes
39535.78,733,54,20074.9,21.4,Yes
43762.27,642,36,2000.0,8.1,Yes
66176.6,671,33,32478.74,12.3,Yes
19143.15,763,48,16076.08,19.9,Yes
78513.95,756,30,19611.32,4.6,Yes
81584.81,616,32,27333.48,6.1,Yes
59475.74,626,38,17743.64,6.7,Yes
15000.0,698,38,2554.66,12.7,Yes
43078.79,819,40,24271.94,7.5,Yes
92123.84,546,58,31636.97,25.7,Yes
15000.0,711,41,13823.15,9.5,Yes
57354.48,587,21,6637.5,1.4,Yes
39039.98,642,41,17119.79,13.8,Yes
82700.55,663,38,9384.92,8.7,Yes
50147.49,658,38,9932.84,13.3,Yes
73886.99,650,40,22886.03,12.1,Yes
77440.13,691,37,17444.72,5.3,Yes
105396.97,650,37,45525.95,13.9,Yes
60535.28,580,44,38250.42,5.2,Yes
73272.98,748,32,29838.53,5.8,Yes
32328.78,746,28,11073.19,5.9,Yes
91189.1,753,65,36114.25,23.5,Yes
48268.81,574,30,11874.22,2.0,No
52663.41,712,39,45392.01,16.5,Yes
64510.55,741,23,30704.68,1.6,No
30616.54,613,39,10403.74,10.1,Yes
70032.94,691,28,10319.39,3.3,Yes
86284.26,681,33,49158.32,9.2,Yes
71444.54,828,48,10065.23,14.6,Yes
30044.25,834,42,2000.0,7.6,No
62276.2,565,43,13238.71,11.4,Yes
81324.64,850,21,8842.23,4.4,Yes
23684.25,621,56,17533.46,18.2,Yes
41355.15,764,26,22726.72,1.5,Yes
84283.96,763,53,30537.6,16.5,Yes
70942.1,615,48,31708.37,15.2,Yes
74063.37,727,43,25152.25,17.2,Yes
105908.89,682,29,41714.64,4.8,Yes
75308.16,732,39,34657.95,10.3,Yes
79473.54,707,33,41354.31,4.2,Yes
124636.4,780,38,57495.99,12.8,Yes
60296.3,696,35,26347.23,4.2,No
47446.58,677,21,42206.59,0.0,Yes
74411.52,772,49,4158.92,6.6,Yes
74657.8,734,37,2000.0,10.1,Yes
53412.26,745,33,37379.43,5.5,Yes
42287.27,640,32,6002.93,6.0,Yes
115816.58,612,41,14825.76,10.0,Yes
72190.56,647,29,16615.83,0.0,Yes
48889.72,643,21,12596.73,0.0,Yes
85150.47,749,42,58745.49,5.1,Yes
62598.81,763,43,33914.39,9.0,Yes
59436.61,678,36,30641.46,13.6,No
77370.0,797,26,49372.12,2.9,Yes
36578.59,793,38,13192.53,5.5,Yes
72757.8,708,23,36119.51,0.1,No
107085.01,628,27,29990.6,2.6,Yes
75255.91,808,30,33256.88,0.0,Yes
56723.33,685,46,15590.26,8.2,Yes
53843.68,699,34,4598.44,4.8,Yes
55972.52,665,33,27071.63,4.5,No
59412.82,623,57,15175.38,17.6,Yes
56688.26,580,41,18636.93,5.1,Yes
85158.85,737,41,29589.72,17.9,Yes
26869.4,631,34,2000.0,7.6,Yes
83964.0,850,32,26232.9,10.1,Yes
56646.9,609,21,30697.72,3.5,Yes
73292.85,596,47,50168.2,14.2,Yes
40206.27,728,42,2000.0,4.7,No
94229.88,805,36,50592.97,6.0,Yes
92403.97,695,36,45684.29,15.6,Yes
86110.99,733,45,43583.93,20.1,Yes
31675.39,552,22,5535.07,6.6,Yes
83240.66,639,32,34963.8,6.8,Yes
73906.81,609,26,26527.55,7.2,Yes
29684.03,548,55,11750.86,11.4,Yes
64465.46,699,46,37166.22,19.6,Yes
73019.76,522,21,35376.65,4.2,No
77233.66,591,22,25190.52,0.0,Yes
68899.75,650,36,41189.28,10.0,Yes
71407.09,628,33,18490.37,2.8,Yes
97419.45,720,24,40539.19,0.0,Yes
91972.75,713,57,57563.46,18.6,Yes
15000.0,757,41,2573.4,5.0,Yes
58016.35,746,42,14523.65,10.1,Yes
61377.68,776,31,20492.1,9.6,Yes
26453.83,690,45,14543.49,8.3,Yes
67072.03,713,34,18084.5,7.3,Yes
92472.67,728,35,57143.08,8.4,Yes
41095.51,701,44,23352.05,20.4,Yes
72400.82,660,21,27399.94,1.6,No
44851.88,665,53,15288.36,22.4,Yes
50217.94,629,39,29980.19,8.3,Yes
97502.66,722,50,25707.96,12.0,Yes
53063.73,683,27,2000.0,4.6,Yes
75168.67,640,28,11668.19,5.9,Yes
23833.2,640,26,11102.71,1.1,Yes
105970.99,599,40,35598.02,10.3,No
78258.35,763,38,30161.77,4.6,Yes
60985.0,696,33,23023.55,3.7,Yes
77662.02,625,27,12881.05,3.7,No
33983.97,751,25,3813.95,0.0,Yes
91015.68,648,37,23111.89,7.8,Yes
57872.33,585,33,37790.55,6.6,Yes
60510.47,767,31,18015.43,10.7,Yes
54183.58,650,53,2000.0,22.9,Yes
52225.67,659,37,27611.95,12.4,No
80282.75,693,50,41230.72,19.4,Yes
70629.95,776,32,47883.4,8.5,Yes
79338.46,692,40,30141.95,8.2,Yes
64806.52,600,37,35205.74,11.6,Yes
76290.4,731,21,26864.86,1.7,Yes
55785.33,654,52,25531.86,10.4,Yes
114054.1,832,36,11614.2,1.7,Yes
30505.53,690,45,30049.47,15.7,Yes
92740.62,522,30,50426.09,5.8,No
95093.96,717,36,46920.49,10.5,Yes
46252.51,836,29,2000.0,4.0,Yes
114044.02,808,50,43037.03,18.1,Yes
86900.79,827,41,14273.66,3.2,Yes
86365.06,614,41,30297.2,14.9,Yes
65616.49,758,51,17377.43,22.4,Yes
60221.02,636,49,6282.1,19.7,Yes
60393.01,707,45,26097.29,8.4,Yes
73591.67,595,23,29312.69,0.0,Yes
95826.1,642,31,34428.07,10.8,Yes
68988.91,639,27,3775.69,1.7,Yes
44948.24,757,45,13307.63,13.0,Yes
83137.4,750,39,30153.93,9.9,Yes
85265.32,711,24,41737.75,0.0,Yes
79402.51,589,36,4592.84,3.7,Yes
81400.98,667,23,55207.72,0.0,Yes
59039.58,634,37,26934.35,12.1,Yes
44562.24,755,21,5014.8,0.0,Yes
45899.74,778,43,25643.53,10.2,Yes
29019.81,769,41,9855.05,4.3,Yes
70212.87,633,57,23781.57,18.2,Yes
63164.13,485,46,5133.25,14.5,Yes
55320.27,557,33,2000.0,5.3,Yes
15000.0,797,46,2000.0,16.0,Yes
37559.02,660,24,23680.91,2.6,Yes
89658.49,634,28,27283.7,4.4,Yes
50378.23,813,41,28069.82,13.5,Yes
72933.02,785,21,19377.42,0.0,Yes
34404.92,692,37,18428.91,2.6,Yes
96651.52,668,27,31456.18,9.5,Yes
61831.39,680,39,10954.84,9.2,Yes
71380.89,707,27,8600.65,0.0,Yes
116167.16,810,42,41989.52,10.7,Yes
98361.68,722,38,37492.64,6.0,Yes
58255.56,744,52,20157.04,12.5,Yes
51949.16,778,38,12351.18,6.6,Yes
57838.01,602,30,4577.9,0.2,Yes
76217.76,747,35,30134.76,3.5,Yes
62685.07,668,24,38007.96,4.1,No
56304.63,501,42,21564.47,11.1,Yes
97277.99,530,43,43248.73,13.9,Yes
62487.38,614,62,20327.3,25.3,Yes
115590.96,730,31,58081.12,3.0,No
66996.34,699,35,25919.3,4.1,Yes
104277.0,704,32,53301.73,2.2,Yes
72861.03,836,40,11733.27,9.1,Yes
86185.13,595,41,32596.36,15.1,Yes
49058.56,688,37,28016.67,10.0,Yes
46217.3,713,48,14560.49,10.9,Yes
75113.53,635,31,50856.76,4.7,Yes
86748.17,692,47,13035.99,5.0,Yes
65885.64,570,43,15125.71,18.9,Yes
36699.35,796,37,10602.54,3.7,Yes
35074.32,639,34,2000.0,2.9,Yes
33603.0,842,62,14417.0,17.4,Yes
26112.31,688,29,2082.64,4.1,Yes
67408.68,767,40,36933.96,14.1,Yes
89750.97,686,30,38560.03,9.2,Yes
64704.85,688,55,42437.53,17.7,Yes
15270.88,646,46,8711.35,4.8,Yes
60803.27,699,31,31029.79,2.2,Yes
61418.42,714,43,34152.18,10.7,Yes
111111.97,631,40,37768.46,5.4,Yes
32942.97,681,32,27097.74,4.7,Yes
56405.09,644,45,31660.39,10.1,Yes
102528.76,850,41,11781.02,4.0,Yes
74899.52,683,40,17183.61,12.8,Yes
77392.89,806,37,17144.46,10.0,Yes
67520.86,675,42,10451.77,5.5,Yes
72258.76,709,40,26279.81,8.5,Yes
82107.41,591,38,43563.85,14.4,Yes
47191.3,656,31,10087.31,3.4,Yes
84317.29,706,54,25010.57,13.7,Yes
34793.93,809,27,12832.16,6.6,Yes
72224.1,707,42,23867.06,12.9,Yes
68932.3,794,34,16537.18,5.0,Yes
51441.55,738,55,15484.08,13.4,Yes
64500.92,812,28,18426.03,3.9,Yes
51304.12,686,30,14713.84,1.3,Yes
41422.57,850,28,23169.65,3.6,No
57220.48,654,41,41153.4,7.5,Yes
40712.25,633,24,9343.18,5.4,Yes
72101.54,599,33,40206.3,3.0,Yes
39698.12,850,21,2000.0,0.0,Yes
80663.49,751,40,22916.42,14.1,Yes
39007.46,665,32,3776.24,6.5,Yes
